{
  "Albuquerque": 481694.84346153843,
  "Arlington": 897476.9594736842,
  "Atlanta": 584449.404516129,
  "Aurora": 861847.4265217391,
  "Austin": 541461.9316666666,
  "Baltimore": 922115.5304166666,
  "Baton Rouge": 552205.45,
  "Billings": 460664.7222727273,
  "Boise": 579679.8630434782,
  "Boston": 1790290.6926666668,
  "Bronx": 1766545.548695652,
  "Brooklyn": 1662066.9604545457,
  "Cambridge": 1842204.3450000002,
  "Charleston": 520494.31928571424,
  "Charlotte": 525797.0031707317,
  "Chicago": 614234.74,
  "Cincinnati": 513774.68200000003,
  "Cleveland": 610085.535,
  "Columbia": 538430.3515789474,
  "Columbus": 593265.3844999999,
  "Dallas": 522716.48285714287,
  "Decatur": 491394.2096,
  "Denver": 819527.7214814815,
  "Detroit": 491360.8980952381,
  "Durham": 549491.3273913043,
  "Eugene": 933043.4953846154,
  "Everett": 1893846.57375,
  "Fairfax": 800168.801923077,
  "Fort Lauderdale": 476317.0707142857,
  "Fort Wayne": 459002.2618518519,
  "Fort Worth": 505080.2103846154,
  "Grand Rapids": 526409.3295238095,
  "Hempstead": 1400820.362,
  "Henderson": 485028.3424137931,
  "Honolulu": 1653052.6060869563,
  "Houston": 505433.6120833333,
  "Indianapolis": 613009.3846153846,
  "Irvine": 2100316.369047619,
  "Jacksonville": 502823.8941666667,
  "Kansas City": 511432.37266666663,
  "Knoxville": 445064.0727272727,
  "Lakewood": 779870.9066666667,
  "Las Vegas": 515359.9826666667,
  "Lawrenceville": 513449.74592592596,
  "Lexington": 447654.90300000005,
  "Los Angeles": 2061116.9708333332,
  "Louisville": 492788.48521739134,
  "Manhattan": 1637932.597037037,
  "Memphis": 469671.21818181814,
  "Miami": 528065.5728571428,
  "Minneapolis": 476719.74157894735,
  "Naperville": 485068.36035714287,
  "Nashville": 590453.0499999999,
  "New Orleans": 475429.85727272724,
  "Oakland": 1689600.35125,
  "Oklahoma City": 417542.54750000004,
  "Omaha": 557065.5893333333,
  "Orlando": 456569.96,
  "Philadelphia": 413233.17439999996,
  "Phoenix": 433995.7122727273,
  "Pittsburgh": 497026.1753125,
  "Portland": 821111.0122222223,
  "Provo": 531026.42,
  "Queens": 2073863.2288888888,
  "Raleigh": 448814.1642857143,
  "Reno": 534603.82,
  "Rockville": 814584.758275862,
  "Sacramento": 1731120.883846154,
  "Saint Paul": 510912.41250000003,
  "Salt Lake City": 418616.13863636367,
  "San Antonio": 536567.6910714286,
  "San Diego": 1946721.4246153845,
  "San Francisco": 1735261.4825925927,
  "San Jose": 1863451.73,
  "Scottsdale": 514693.27416666667,
  "Seattle": 1660925.165,
  "St. Louis": 548947.083939394,
  "Tacoma": 1904742.3008695652,
  "Tampa": 514469.57833333337,
  "Troy": 506004.57499999995,
  "Tucson": 482932.77571428573,
  "Tulsa": 465274.2071875,
  "Waukegan": 452535.16000000003,
  "Wichita": 464237.03478260874
}