{
  "AZ": 478684.6212162162,
  "CA": 1875452.4480620157,
  "CO": 823344.3472058823,
  "FL": 499750.2623972603,
  "GA": 533324.4568674699,
  "HI": 1653052.6060869563,
  "ID": 579679.8630434782,
  "IL": 506365.3055844156,
  "IN": 534552.9258490566,
  "KS": 464237.03478260874,
  "KY": 464132.24253968254,
  "LA": 507756.4226315789,
  "MA": 1812254.1609615386,
  "MD": 863277.9381132076,
  "MI": 507783.7313235294,
  "MN": 495804.02302325575,
  "MO": 531082.9357142857,
  "MT": 460664.7222727273,
  "NC": 513189.11894117645,
  "NE": 557065.5893333333,
  "NM": 481694.84346153843,
  "NV": 510955.23904109595,
  "NY": 1713185.6217741936,
  "OH": 574732.09640625,
  "OK": 444817.7816071428,
  "OR": 887252.9340909091,
  "PA": 460274.859122807,
  "SC": 527745.0557446809,
  "TN": 510237.1897260274,
  "TX": 524755.7443243243,
  "UT": 481565.89619999996,
  "VA": 841254.4684444444,
  "WA": 1809092.4136507937
}